symtoms,medication for adult(16-70),medication for younger(5-10)
fever,panadol,calpol sixplus
flu,arinac alternative rigix 10mg,arinac syrup
cough,rondec-c alternative hydryllin syrup,pacific's jack and jill
diarrhea,flagyl 400mg alternative imodium capsol,consult doctor
vomiting,motilium alternative gravinate syrup,motilium syurp
headache,ponstan forte,pandaol syrup
body pain,dicloran 50mg,consult doctor
abdominal pain,no-spa forte,consult doctor
chest pain,emergency(go to hospital), emergency(go to hospital)
left arm pain,emergency(go to hospital),emergency(go to hospital)
cold sweat,emergency(go to hospital),emergency(go to hospital)
low bp,emergancey(if systolic pressure is less than 80),
high bp,emergency(if diastolic pressure is higher than 120),
